SET SQL_MODE = "NO_AUTO_VALUE_ON_ZERO";
SET time_zone = "+00:00";

/*!40101 SET @OLD_CHARACTER_SET_CLIENT=@@CHARACTER_SET_CLIENT */;
/*!40101 SET @OLD_CHARACTER_SET_RESULTS=@@CHARACTER_SET_RESULTS */;
/*!40101 SET @OLD_COLLATION_CONNECTION=@@COLLATION_CONNECTION */;
/*!40101 SET NAMES utf8mb4 */;


TRUNCATE TABLE `affectation_poste`;
INSERT INTO `affectation_poste` (`vehicule`, `poste`, `personnel`) VALUES
(271, 1, NULL),
(271, 2, NULL),
(272, 1, NULL),
(272, 2, NULL),
(273, 1, NULL),
(273, 2, NULL),
(276, 1, NULL),
(276, 2, NULL),
(277, 1, NULL),
(277, 2, NULL),
(278, 1, NULL),
(278, 2, NULL),
(279, 1, NULL),
(279, 2, NULL),
(280, 1, NULL),
(280, 2, NULL),
(281, 1, NULL),
(281, 2, NULL),
(282, 1, NULL),
(282, 2, NULL),
(283, 1, NULL),
(283, 2, NULL),
(285, 1, NULL),
(285, 2, NULL),
(286, 1, NULL),
(286, 2, NULL),
(287, 1, NULL),
(287, 2, NULL),
(288, 1, NULL),
(288, 2, NULL),
(289, 1, NULL),
(289, 2, NULL),
(290, 1, NULL),
(290, 2, NULL),
(291, 1, NULL),
(291, 2, NULL),
(292, 1, NULL),
(292, 2, NULL),
(293, 1, NULL),
(293, 2, NULL),
(294, 1, NULL),
(294, 2, NULL),
(295, 1, NULL),
(295, 2, NULL),
(296, 1, NULL),
(296, 2, NULL),
(297, 1, NULL),
(297, 2, NULL),
(298, 1, NULL),
(298, 2, NULL),
(299, 1, NULL),
(299, 2, NULL),
(300, 1, NULL),
(300, 2, NULL),
(301, 1, NULL),
(301, 2, NULL),
(302, 1, NULL),
(302, 2, NULL),
(303, 1, NULL),
(303, 2, NULL),
(304, 1, NULL),
(304, 2, NULL),
(305, 1, NULL),
(305, 2, NULL),
(306, 1, NULL),
(306, 2, NULL),
(307, 1, NULL),
(307, 2, NULL),
(308, 1, NULL),
(308, 2, NULL),
(309, 1, NULL),
(309, 2, NULL),
(310, 1, NULL),
(310, 2, NULL),
(311, 1, NULL),
(311, 2, NULL),
(312, 1, NULL),
(312, 2, NULL),
(314, 1, NULL),
(314, 2, NULL),
(315, 1, NULL),
(315, 2, NULL),
(316, 1, NULL),
(316, 2, NULL),
(317, 1, NULL),
(317, 2, NULL),
(318, 1, NULL),
(318, 2, NULL),
(319, 1, NULL),
(319, 2, NULL),
(320, 1, NULL),
(320, 2, NULL),
(321, 1, NULL),
(321, 2, NULL),
(322, 1, NULL),
(322, 2, NULL),
(323, 1, NULL),
(323, 2, NULL),
(324, 1, NULL),
(324, 2, NULL),
(325, 1, NULL),
(325, 2, NULL),
(326, 1, NULL),
(326, 2, NULL),
(327, 1, NULL),
(327, 2, NULL),
(328, 1, NULL),
(328, 2, NULL),
(329, 1, NULL),
(329, 2, NULL),
(330, 1, NULL),
(330, 2, NULL),
(331, 1, NULL),
(331, 2, NULL),
(332, 1, NULL),
(332, 2, NULL),
(333, 1, NULL),
(333, 2, NULL),
(334, 1, NULL),
(334, 2, NULL),
(335, 1, NULL),
(335, 2, NULL),
(336, 1, NULL),
(336, 2, NULL),
(337, 1, NULL),
(337, 2, NULL),
(338, 1, NULL),
(338, 2, NULL),
(339, 1, NULL),
(339, 2, NULL),
(340, 1, NULL),
(340, 2, NULL),
(341, 1, NULL),
(341, 2, NULL),
(342, 1, NULL),
(342, 2, NULL),
(343, 1, NULL),
(343, 2, NULL),
(344, 1, NULL),
(344, 2, NULL),
(345, 1, NULL),
(345, 2, NULL),
(346, 1, NULL),
(346, 2, NULL),
(347, 1, NULL),
(347, 2, NULL),
(348, 1, NULL),
(348, 2, NULL),
(349, 1, NULL),
(349, 2, NULL),
(350, 1, NULL),
(350, 2, NULL),
(351, 1, NULL),
(351, 2, NULL),
(352, 1, NULL),
(352, 2, NULL),
(353, 1, NULL),
(353, 2, NULL),
(354, 1, NULL),
(354, 2, NULL),
(355, 1, NULL),
(355, 2, NULL),
(356, 1, NULL),
(356, 2, NULL),
(357, 1, NULL),
(357, 2, NULL),
(358, 1, NULL),
(358, 2, NULL),
(359, 1, NULL),
(359, 2, NULL),
(360, 1, NULL),
(360, 2, NULL),
(361, 1, NULL),
(361, 2, NULL),
(362, 1, NULL),
(362, 2, NULL),
(363, 1, NULL),
(363, 2, NULL),
(364, 1, NULL),
(364, 2, NULL),
(365, 1, NULL),
(365, 2, NULL),
(366, 1, NULL),
(366, 2, NULL),
(367, 1, NULL),
(367, 2, NULL),
(368, 1, NULL),
(368, 2, NULL),
(369, 1, NULL),
(369, 2, NULL),
(370, 1, NULL),
(370, 2, NULL),
(371, 1, NULL),
(371, 2, NULL),
(372, 1, NULL),
(372, 2, NULL),
(373, 1, NULL),
(373, 2, NULL),
(374, 1, NULL),
(374, 2, NULL),
(375, 1, NULL),
(375, 2, NULL),
(376, 1, NULL),
(376, 2, NULL),
(377, 1, NULL),
(377, 2, NULL),
(378, 1, NULL),
(378, 2, NULL),
(379, 1, NULL),
(379, 2, NULL),
(380, 1, NULL),
(380, 2, NULL),
(381, 1, NULL),
(381, 2, NULL),
(382, 1, NULL),
(382, 2, NULL),
(383, 1, NULL),
(383, 2, NULL),
(384, 1, NULL),
(384, 2, NULL),
(385, 1, NULL),
(385, 2, NULL),
(386, 1, NULL),
(386, 2, NULL),
(387, 1, NULL),
(387, 2, NULL),
(388, 1, NULL),
(388, 2, NULL),
(389, 1, NULL),
(389, 2, NULL),
(390, 1, NULL),
(390, 2, NULL),
(391, 1, NULL),
(391, 2, NULL),
(392, 1, NULL),
(392, 2, NULL),
(393, 1, NULL),
(393, 2, NULL),
(394, 1, NULL),
(394, 2, NULL),
(395, 1, NULL),
(395, 2, NULL),
(396, 1, NULL),
(396, 2, NULL),
(397, 1, NULL),
(397, 2, NULL),
(398, 1, NULL),
(398, 2, NULL);

TRUNCATE TABLE `centre`;
INSERT INTO `centre` (`id`, `libelle`, `abreviation`, `position`) VALUES
(1, 'CHAUMONT', 'CHT',  1),
(2, 'ANDELOT', 'AND',  2),
(3, 'ANROSEY', 'ANR',  3),
(4, 'AUBEPIERRE SUR AUBE', 'ASA',  4),
(5, 'AUBERIVE', 'AUB',  5),
(6, 'BAYARD', 'BAY',  6),
(7, 'BETTANCOURT LA FERREE', 'BET',  7),
(8, 'BIESLES', 'BIE',  8),
(9, 'BOURBONNE LES BAINS', 'BLB',  9),
(10, 'BOLOGNE', 'BOL',  10),
(11, 'BREUVANNES', 'BRE',  11),
(12, 'BRICON', 'BRI',  12),
(13, 'BOURDONS SUR ROGNON', 'BSR',  13),
(14, 'COLOMBEY LES 2 EGLISES', 'C2E',  14),
(15, 'CHAMOUILLEY EURVILLE', 'CER',  15),
(16, 'CHALINDREY', 'CHA',  16),
(17, 'CHEVILLON', 'CHE',  17),
(18, 'ARC EN BARROIS', 'AEB',  18),
(19, 'CHATEAUVILLAIN', 'CHV',  19),
(20, 'DOULEVANT LE CHATEAU', 'DLC',  20),
(21, 'DOULAINCOURT', 'DOU',  21),
(22, 'ECLARON', 'ECL',  22),
(23, 'ETAT MAJOR', '(EMA)',  23),
(24, 'FAYL BILLOT', 'FBI',  24),
(25, 'FRONCLES', 'FRO',  25),
(26, 'HAUTE AMANCE', 'HTA',  26),
(27, 'ILLOUD', 'ILL',  27),
(28, 'IS EN BASSIGNY', 'ISB',  26),
(29, 'JOINVILLE', 'JOI',  29),
(30, 'LAFERTE SUR AUBE', 'LAF',  30),
(31, 'LAC DE CHARMES', 'LCH',  31),
(32, 'LANGRES', 'LGS',  32),
(33, 'LONGEAU', 'LON',  33),
(34, 'LOUVEMONT', 'LOU',  34),
(35, 'MANOIS', 'MAN',  35),
(36, 'MARANVILLE', 'MAR',  36),
(37, 'MONTIER EN DER', 'MED',  37),
(38, 'MONTIGNY LE ROI', 'MLR',  38),
(39, 'NOGENT', 'NOG',  39),
(40, 'POISSONS', 'POI',  40),
(41, 'PRAUTHOY', 'PRA',  41),
(42, 'ROCHES BETTAINCOURT', 'RBE',  42),
(43, 'ROBERT MAGNY', 'RML',  43),
(44, 'ROLAMPONT', 'ROL',  44),
(45, 'SERQUEUX', 'SER',  45),
(46, 'SOMMEVOIRE', 'SOM',  46),
(47, 'SAINT DIZIER', 'STD',  47),
(48, 'VARENNES', 'VAR',  48),
(49, 'WASSY', 'WAS', 49),
(50, 'RENFORT CTA', 'CTA', 1);

TRUNCATE TABLE `commune`;
INSERT INTO `commune` (`id`, `libelle`, `code_postal`, `position`, `visible`) VALUES
(1, 'AGEVILLE', '52340', 16, 1),
(2, 'AIGREMONT', '52400', 17, 1),
(3, 'AILLIANVILLE', '52700', 18, 1),
(4, 'AINGOULAINCOURT', '52230', 19, 1),
(5, 'AIZANVILLE', '52120', 20, 1),
(6, 'ALLICHAMPS', '52130', 21, 1),
(7, 'AMBONVILLE', '52110', 22, 1),
(8, 'ANDELOT BLANCHEVILLE', '52700', 5, 1),
(9, 'ANDILLY EN BASSIGNY', '52360', 23, 1),
(10, 'ANGLUS', '52220', 24, 1),
(11, 'ANNEVILLE LA PRAIRIE', '52310', 6, 1),
(12, 'ANNONVILLE', '52230', 25, 1),
(13, 'ANROSEY', '52500', 26, 1),
(14, 'APREY', '52250', 27, 1),
(15, 'ARBIGNY SOUS VARENNES', '52500', 28, 1),
(16, 'ARBOT', '52160', 29, 1),
(17, 'ARC EN BARROIS', '52210', 7, 1),
(18, 'ARGENTOLLES', '52330', 30, 1),
(19, 'ARNANCOURT', '52110', 31, 1),
(20, 'ARNONCOURT SUR APANCE', '52400', 32, 1),
(21, 'ATTANCOURT', '52130', 33, 1),
(22, 'AUBEPIERRE SUR AUBE', '52210', 8, 1),
(23, 'AUBERIVE', '52160', 34, 1),
(24, 'AUDELONCOURT', '52240', 9, 1),
(25, 'AUGEVILLE', '52270', 35, 1),
(26, 'AUJEURRES', '52190', 36, 1),
(27, 'AULNOY SUR AUBE', '52160', 37, 1),
(28, 'AUTIGNY LE GRAND', '52300', 38, 1),
(29, 'AUTIGNY LE PETIT', '52300', 39, 1),
(30, 'AUTREVILLE SUR LA RENNE', '52120', 10, 1),
(32, 'AVRAINVILLE', '52130', 40, 1),
(33, 'AVRECOURT', '52140', 41, 1),
(34, 'BAILLY AUX FORGES', '52130', 42, 1),
(35, 'BAISSEY', '52250', 43, 1),
(36, 'BALESMES SUR MARNE', '52200', 44, 1),
(37, 'BANNES', '52360', 45, 1),
(38, 'BASSONCOURT', '52240', 11, 1),
(39, 'BAUDRECOURT', '52110', 46, 1),
(40, 'BAY SUR AUBE', '52160', 47, 1),
(41, 'BEAUCHARMOY', '52400', 48, 1),
(42, 'BEAUCHEMIN', '52260', 49, 1),
(43, 'BELMONT', '52500', 50, 1),
(44, 'ROCHES BETTAINCOURT', '52270', 51, 1),
(45, 'BETTANCOURT LA FERREE', '52100', 52, 1),
(46, 'BETTONCOURT LE HAUT', '52230', 53, 1),
(47, 'BEURVILLE', '52110', 54, 1),
(48, 'BIENVILLE', '52410', 55, 1),
(49, 'BIERNES', '52330', 56, 1),
(50, 'BIESLES', '52340', 12, 1),
(51, 'BIZE', '52500', 57, 1),
(52, 'BLAISE', '52330', 58, 1),
(53, 'BLAISY', '52330', 13, 1),
(54, 'BLANCHEVILLE', '52700', 59, 1),
(55, 'BLECOURT', '52300', 60, 1),
(56, 'BLESSONVILLE', '52120', 14, 1),
(57, 'BLUMERAY', '52110', 61, 1),
(58, 'BOLOGNE', '52310', 62, 1),
(59, 'BONNECOURT', '52360', 63, 1),
(60, 'BOURBONNE LES BAINS', '52400', 64, 1),
(61, 'BOURDONS SUR ROGNON', '52700', 65, 1),
(62, 'BOURG', '52200', 66, 1),
(63, 'BOURG STE MARIE', '52150', 67, 1),
(64, 'BOURMONT', '52150', 68, 1),
(65, 'BOUZANCOURT', '52110', 69, 1),
(66, 'BRACHAY', '52110', 70, 1),
(67, 'BRAINVILLE SUR MEUSE', '52150', 71, 1),
(68, 'BRAUCOURT', '52290', 72, 1),
(69, 'BRAUX LE CHATEL', '52120', 73, 1),
(70, 'BRENNES', '52200', 74, 1),
(71, 'BRESSONCOURT', '52230', 75, 1),
(72, 'BRETHENAY', '52000', 76, 1),
(73, 'BREUIL SUR MARNE', '52170', 77, 1),
(74, 'BREUVANNES EN BASSIGNY', '52240', 78, 1),
(75, 'BRIAUCOURT', '52700', 79, 1),
(76, 'BRICON', '52120', 80, 1),
(77, 'BRONCOURT', '52500', 81, 1),
(78, 'BROTTES', '52000', 4, 1),
(79, 'BROUSSEVAL', '52130', 82, 1),
(80, 'BROUTHIERES', '52230', 83, 1),
(81, 'BUCHEY', '52330', 84, 1),
(82, 'BUGNIERES', '52210', 85, 1),
(83, 'CHAMPSEVRAINE', '52500', 86, 1),
(84, 'BUSSON', '52700', 87, 1),
(85, 'BUXIERES LES CLEFMONT', '52240', 88, 1),
(86, 'BUXIERES LES FRONCLES', '52320', 89, 1),
(87, 'BUXIERES LES VILLIERS', '52000', 90, 1),
(88, 'CEFFONDS', '52220', 91, 1),
(89, 'CELLES EN BASSIGNY', '52360', 92, 1),
(90, 'CELSOY', '52600', 93, 1),
(91, 'CERISIERES', '52320', 94, 1),
(92, 'CHALANCEY', '52160', 95, 1),
(93, 'CHALINDREY', '52600', 96, 1),
(94, 'VALS DES TILLES', '52160', 97, 1),
(95, 'CHALVRAINES', '52700', 98, 1),
(96, 'CHAMARANDES', '52000', 3, 1),
(97, 'CHAMBRONCOURT', '52700', 99, 1),
(98, 'CHAMEROY', '52210', 100, 1),
(99, 'CHAMOUILLEY', '52410', 101, 1),
(100, 'CHAMPCOURT', '52330', 102, 1),
(101, 'CHAMPIGNEULLES EN BASSIGNY', '52150', 103, 1),
(102, 'CHAMPIGNY LES LANGRES', '52200', 104, 1),
(103, 'CHAMPIGNY SOUS VARENNES', '52400', 105, 1),
(104, 'CHANCENAY', '52100', 106, 1),
(105, 'CHANGEY', '52360', 107, 1),
(106, 'CHANOY', '52260', 108, 1),
(107, 'CHANTRAINES', '52700', 109, 1),
(108, 'CHARMES', '52360', 110, 1),
(109, 'CHARMES EN L ANGLE', '52110', 111, 1),
(110, 'CHARMES LA GRANDE', '52110', 112, 1),
(111, 'CHARMOILLES', '52260', 113, 1),
(112, 'CHARMOY', '52500', 114, 1),
(113, 'CHASSIGNY', '52190', 115, 1),
(114, 'CHATEAUVILLAIN', '52120', 116, 1),
(115, 'CHATENAY MACHERON', '52200', 117, 1),
(116, 'CHATENAY VAUDIN', '52360', 118, 1),
(117, 'CHATOILLENOT', '52190', 119, 1),
(118, 'CHATONRUPT SOMMERMONT', '52300', 120, 1),
(119, 'CHAUDENAY', '52600', 121, 1),
(120, 'CHAUFFOURT', '52140', 122, 1),
(121, 'CHAUMONT', '52000', 1, 1),
(122, 'CHAUMONT LA VILLE', '52150', 15, 1),
(123, 'CHEVILLON', '52170', 123, 1),
(124, 'CHEZEAUX', '52400', 124, 1),
(125, 'CHAMARANDES CHOIGNES', '52000', 125, 1),
(126, 'CHOILLEY DARDENAY', '52190', 126, 1),
(127, 'CHOISEUL', '52240', 127, 1),
(128, 'CIREY LES MAREILLES', '52700', 128, 1),
(129, 'CIREY SUR BLAISE', '52110', 129, 1),
(130, 'CIRFONTAINES EN AZOIS', '52370', 130, 1),
(131, 'CIRFONTAINES EN ORNOIS', '52230', 131, 1),
(132, 'CLEFMONT', '52240', 132, 1),
(133, 'CLINCHAMP', '52700', 133, 1),
(134, 'COHONS', '52600', 134, 1),
(135, 'COIFFY LE BAS', '52400', 135, 1),
(136, 'COIFFY LE HAUT', '52400', 136, 1),
(137, 'COLMIER LE BAS', '52160', 137, 1),
(138, 'COLMIER LE HAUT', '52160', 138, 1),
(139, 'COLOMBEY LES CHOISEUL', '52240', 139, 1),
(140, 'COLOMBEY LES DEUX EGLISES', '52330', 140, 1),
(141, 'CONDES', '52000', 141, 1),
(142, 'CONSIGNY', '52700', 142, 1),
(143, 'CORGIRNON', '52500', 143, 1),
(144, 'CORLEE', '52200', 144, 1),
(145, 'COUBLANC', '52500', 145, 1),
(146, 'COUPRAY', '52210', 146, 1),
(147, 'COURCELLES EN MONTAGNE', '52200', 147, 1),
(148, 'COURCELLES SUR AUJON', '52210', 148, 1),
(149, 'COURCELLES SUR BLAISE', '52110', 149, 1),
(150, 'COURCELLES VAL D ESNOMS', '52190', 150, 1),
(151, 'COUR L EVEQUE', '52210', 151, 1),
(152, 'CREANCEY', '52120', 152, 1),
(153, 'CULMONT', '52600', 153, 1),
(154, 'CUREL', '52300', 154, 1),
(155, 'CURMONT', '52330', 155, 1),
(156, 'CUSEY', '52190', 156, 1),
(157, 'CUVES', '52240', 157, 1),
(158, 'DAILLANCOURT', '52110', 158, 1),
(159, 'DAILLECOURT', '52240', 159, 1),
(160, 'DAMMARTIN SUR MEUSE', '52140', 160, 1),
(161, 'DAMPIERRE', '52360', 161, 1),
(162, 'DAMREMONT', '52400', 162, 1),
(163, 'DANCEVOIR', '52210', 163, 1),
(164, 'DARDENAY', '52190', 164, 1),
(165, 'DARMANNES', '52700', 165, 1),
(166, 'DINTEVILLE', '52120', 166, 1),
(167, 'DOMBLAIN', '52130', 167, 1),
(168, 'DOMMARIEN', '52190', 168, 1),
(169, 'DOMMARTIN LE FRANC', '52110', 169, 1),
(170, 'DOMMARTIN LE ST PERE', '52110', 170, 1),
(171, 'DOMREMY LANDEVILLE', '52270', 171, 1),
(172, 'DONCOURT SUR MEUSE', '52150', 172, 1),
(173, 'DONJEUX', '52300', 173, 1),
(174, 'DONNEMARIE', '52800', 174, 1),
(175, 'DOULAINCOURT SAUCOURT', '52270', 175, 1),
(176, 'DOULEVANT LE CHATEAU', '52110', 176, 1),
(177, 'DOULEVANT LE PETIT', '52130', 177, 1),
(178, 'DROYES', '52220', 178, 1),
(179, 'ECHENAY', '52230', 179, 1),
(180, 'ECLARON BRAUCOURT STE LIVIERE', '52290', 180, 1),
(181, 'ECOT LA COMBE', '52700', 181, 1),
(182, 'EFFINCOURT', '52300', 182, 1),
(183, 'ENFONVELLE', '52400', 183, 1),
(184, 'EPINANT', '52140', 184, 1),
(185, 'EPIZON', '52230', 185, 1),
(186, 'ERISEUL', '52210', 186, 1),
(187, 'LE VAL D ESNOMS', '52190', 187, 1),
(188, 'ESNOUVEAUX', '52340', 188, 1),
(189, 'ESSEY LES EAUX', '52800', 189, 1),
(190, 'ESSEY LES PONTS', '52120', 190, 1),
(191, 'EUFFIGNEIX', '52000', 191, 1),
(192, 'EURVILLE BIENVILLE', '52410', 192, 1),
(193, 'FARINCOURT', '52500', 193, 1),
(194, 'FAVEROLLES', '52260', 194, 1),
(195, 'FAYL BILLOT', '52500', 195, 1),
(196, 'FAYS', '52130', 196, 1),
(197, 'FERRIERE ET LAFOLIE', '52300', 197, 1),
(198, 'FLAGEY', '52250', 198, 1),
(199, 'FLAMMERECOURT', '52110', 199, 1),
(200, 'FLORNOY', '52130', 200, 1),
(201, 'FONTAINES SUR MARNE', '52170', 201, 1),
(202, 'FORCEY', '52700', 202, 1),
(203, 'FOULAIN', '52000', 203, 1),
(204, 'FOULAIN', '52800', 204, 1),
(205, 'FRAMPAS', '52220', 205, 1),
(206, 'FRECOURT', '52360', 206, 1),
(207, 'FRESNES SUR APANCE', '52400', 207, 1),
(208, 'FRESNOY EN BASSIGNY', '52400', 208, 1),
(209, 'FRONCLES', '52320', 209, 1),
(210, 'FRONVILLE', '52300', 210, 1),
(211, 'GENEVRIERES', '52500', 211, 1),
(212, 'LA GENEVROYE', '52320', 212, 1),
(213, 'GENRUPT', '52400', 213, 1),
(214, 'GERMAINES', '52160', 214, 1),
(215, 'GERMAINVILLIERS', '52150', 215, 1),
(216, 'GERMAY', '52230', 216, 1),
(217, 'GERMISAY', '52230', 217, 1),
(218, 'GIEY SUR AUJON', '52210', 218, 1),
(219, 'GILLANCOURT', '52330', 219, 1),
(220, 'GILLAUME', '52230', 220, 1),
(221, 'GILLEY', '52500', 221, 1),
(222, 'GONAINCOURT', '52150', 222, 1),
(223, 'GONCOURT', '52150', 223, 1),
(224, 'GOURZON', '52170', 224, 1),
(225, 'GRAFFIGNY CHEMIN', '52150', 225, 1),
(226, 'GRANDCHAMP', '52600', 226, 1),
(227, 'GRENANT', '52500', 227, 1),
(228, 'GUDMONT VILLIERS', '52320', 228, 1),
(229, 'GUINDRECOURT AUX ORMES', '52300', 229, 1),
(230, 'GUINDRECOURT SUR BLAISE', '52330', 230, 1),
(231, 'GUYONVELLE', '52400', 231, 1),
(232, 'HACOURT', '52150', 232, 1),
(233, 'HALLIGNICOURT', '52100', 233, 1),
(234, 'HARMEVILLE', '52230', 234, 1),
(235, 'HARREVILLE LES CHANTEURS', '52150', 235, 1),
(236, 'HARRICOURT', '52330', 236, 1),
(237, 'HEUILLEY COTTON', '52600', 237, 1),
(238, 'HEUILLEY LE GRAND', '52600', 238, 1),
(239, 'HAUTE AMANCE', '52600', 239, 1),
(240, 'HUILLIECOURT', '52150', 240, 1),
(241, 'HUMBECOURT', '52290', 241, 1),
(242, 'HUMBERVILLE', '52700', 242, 1),
(243, 'HUMES JORQUENAY', '52200', 243, 1),
(244, 'ILLOUD', '52150', 244, 1),
(245, 'IS EN BASSIGNY', '52140', 245, 1),
(246, 'ISOMES', '52190', 246, 1),
(247, 'JOINVILLE', '52300', 247, 1),
(248, 'JONCHERY', '52000', 248, 1),
(249, 'JORQUENAY', '52200', 249, 1),
(250, 'JUZENNECOURT', '52330', 250, 1),
(251, 'LACHAPELLE EN BLAISY', '52330', 251, 1),
(252, 'LAFAUCHE', '52700', 252, 1),
(253, 'LAFERTE SUR AMANCE', '52500', 253, 1),
(254, 'LAFERTE SUR AUBE', '52120', 254, 1),
(255, 'LAHARMAND', '52000', 255, 1),
(256, 'LAMANCINE', '52310', 256, 1),
(257, 'LAMARGELLE AUX BOIS', '52160', 257, 1),
(258, 'LAMOTHE EN BLAISY', '52330', 258, 1),
(259, 'LANDEVILLE', '52270', 259, 1),
(260, 'LANEUVELLE', '52400', 260, 1),
(261, 'BAYARD SUR MARNE', '52170', 261, 1),
(262, 'LANEUVILLE A REMY', '52220', 262, 1),
(263, 'LANEUVILLE AU PONT', '52100', 263, 1),
(264, 'LANEUVILLE AU BOIS', '52230', 264, 1),
(265, 'LANGRES', '52200', 265, 1),
(266, 'LANNES', '52260', 266, 1),
(267, 'LANQUES SUR ROGNON', '52800', 267, 1),
(268, 'LANTY SUR AUBE', '52120', 268, 1),
(269, 'LARIVIERE ARNONCOURT', '52400', 269, 1),
(270, 'LATRECEY ORMOY SUR AUBE', '52120', 270, 1),
(271, 'LAVERNOY', '52140', 271, 1),
(272, 'LAVILLE AUX BOIS', '52000', 272, 1),
(273, 'LAVILLENEUVE', '52140', 273, 1),
(274, 'LAVILLENEUVE AU ROI', '52330', 274, 1),
(275, 'LAVILLENEUVE AUX FRESNES', '52330', 275, 1),
(276, 'LECEY', '52360', 276, 1),
(277, 'LECOURT', '52140', 277, 1),
(278, 'LEFFONDS', '52210', 278, 1),
(279, 'LESCHERES SUR LE BLAISERON', '52110', 279, 1),
(280, 'LEUCHEY', '52190', 280, 1),
(281, 'LEURVILLE', '52700', 281, 1),
(282, 'LEVECOURT', '52150', 282, 1),
(283, 'LEZEVILLE', '52230', 283, 1),
(284, 'LIFFOL LE PETIT', '52700', 284, 1),
(285, 'LES LOGES', '52500', 285, 1),
(286, 'LONGCHAMP', '52240', 286, 1),
(287, 'LONGEAU PERCEY', '52250', 287, 1),
(288, 'LONGEVILLE SUR LA LAINES', '52220', 288, 1),
(289, 'LOUVEMONT', '52130', 289, 1),
(290, 'LOUVIERES', '52800', 290, 1),
(291, 'LOUZE', '52220', 291, 1),
(292, 'LUZY SUR MARNE', '52000', 292, 1),
(293, 'MAATZ', '52500', 293, 1),
(294, 'MACONCOURT', '52300', 294, 1),
(295, 'MAGNEUX', '52130', 295, 1),
(296, 'MAISONCELLES', '52240', 296, 1),
(297, 'MAIZIERES', '52300', 297, 1),
(298, 'MAIZIERES SUR AMANCE', '52500', 298, 1),
(299, 'MALAINCOURT SUR MEUSE', '52150', 299, 1),
(300, 'MANDRES LA COTE', '52800', 300, 1),
(301, 'MANOIS', '52700', 301, 1),
(302, 'MARAC', '52260', 302, 1),
(303, 'MARANVILLE', '52370', 303, 1),
(304, 'MARAULT', '52310', 304, 1),
(305, 'MARBEVILLE', '52320', 305, 1),
(306, 'MARCILLY EN BASSIGNY', '52360', 306, 1),
(307, 'MARDOR', '52200', 307, 1),
(308, 'MAREILLES', '52700', 308, 1),
(309, 'MARMESSE', '52120', 309, 1),
(310, 'MARNAY SUR MARNE', '52800', 310, 1),
(311, 'MATHONS', '52300', 311, 1),
(312, 'MAULAIN', '52140', 312, 1),
(313, 'MELAY', '52400', 313, 1),
(314, 'MENNOUVEAUX', '52240', 314, 1),
(315, 'MERREY', '52240', 315, 1),
(316, 'MERTRUD', '52110', 316, 1),
(317, 'MEURES', '52310', 317, 1),
(318, 'MEUVY', '52240', 318, 1),
(319, 'MILLIERES', '52240', 319, 1),
(320, 'MIRBEL', '52320', 320, 1),
(321, 'MOESLAINS', '52100', 321, 1),
(322, 'MONTCHARVOT', '52400', 322, 1),
(323, 'MONTESSON', '52500', 323, 1),
(324, 'MONTHERIES', '52330', 324, 1),
(325, 'MONTIER EN DER', '52220', 325, 1),
(326, 'VAL DE MEUSE', '52140', 326, 1),
(327, 'VAL DE MEUSE', '52240', 327, 1),
(328, 'MONTLANDON', '52600', 328, 1),
(329, 'MONTOT SUR ROGNON', '52700', 329, 1),
(330, 'MONTREUIL SUR BLAISE', '52130', 330, 1),
(331, 'MONTREUIL SUR THONNANCE', '52230', 331, 1),
(332, 'MONTSAON', '52000', 332, 1),
(333, 'MONTSAUGEON', '52190', 333, 1),
(334, 'MORANCOURT', '52110', 334, 1),
(335, 'MORIONVILLIERS', '52700', 335, 1),
(336, 'MOUILLERON', '52160', 336, 1),
(337, 'MUSSEAU', '52160', 337, 1),
(338, 'MUSSEY SUR MARNE', '52300', 338, 1),
(339, 'NARCY', '52170', 339, 1),
(340, 'NEUILLY L EVEQUE', '52360', 340, 1),
(341, 'NEUILLY SUR SUIZE', '52000', 341, 1),
(342, 'NEUVELLE LES VOISEY', '52400', 342, 1),
(343, 'NIJON', '52150', 343, 1),
(344, 'NINVILLE', '52800', 344, 1),
(345, 'NOGENT', '52800', 345, 1),
(346, 'NOIDANT CHATENOY', '52600', 346, 1),
(347, 'NOIDANT LE ROCHEUX', '52200', 347, 1),
(348, 'NOMECOURT', '52300', 348, 1),
(349, 'NONCOURT SUR LE RONGEANT', '52230', 349, 1),
(350, 'NOYERS', '52240', 350, 1),
(351, 'NULLY', '52110', 351, 1),
(352, 'OCCEY', '52190', 352, 1),
(353, 'ODIVAL', '52800', 353, 1),
(354, 'ORBIGNY AU MONT', '52360', 354, 1),
(355, 'ORBIGNY AU VAL', '52360', 355, 1),
(356, 'ORCEVAUX', '52250', 356, 1),
(357, 'ORGES', '52120', 357, 1),
(358, 'ORMANCEY', '52200', 358, 1),
(359, 'ORMOY LES SEXFONTAINES', '52310', 359, 1),
(360, 'ORMOY SUR AUBE', '52120', 360, 1),
(361, 'ORQUEVAUX', '52700', 361, 1),
(362, 'OSNE LE VAL', '52300', 362, 1),
(363, 'OUDINCOURT', '52310', 363, 1),
(364, 'OUTREMECOURT', '52150', 364, 1),
(365, 'OZIERES', '52700', 365, 1),
(366, 'LE PAILLY', '52600', 366, 1),
(367, 'PALAISEUL', '52600', 367, 1),
(368, 'PANCEY', '52230', 368, 1),
(369, 'PARNOY EN BASSIGNY', '52400', 369, 1),
(370, 'PAROY SUR SAULX', '52300', 370, 1),
(371, 'PAUTAINES AUGEVILLE', '52270', 371, 1),
(372, 'PEIGNEY', '52200', 372, 1),
(373, 'PERCEY LE PAUTEL', '52250', 373, 1),
(374, 'PERCEY SOUS MONTORMENTIER', '52190', 374, 1),
(375, 'PERRANCEY LES VIEUX MOULINS', '52200', 375, 1),
(376, 'PERROGNEY LES FONTAINES', '52160', 376, 1),
(377, 'PERRUSSE', '52240', 377, 1),
(378, 'PERTHES', '52100', 378, 1),
(379, 'PIEPAPE', '52190', 379, 1),
(380, 'PIERREMONT SUR AMANCE', '52500', 380, 1),
(381, 'PIERREFONTAINES', '52160', 381, 1),
(382, 'PISSELOUP', '52500', 382, 1),
(383, 'PLANRUPT', '52220', 383, 1),
(384, 'PLESNOY', '52360', 384, 1),
(385, 'POINSENOT', '52160', 385, 1),
(386, 'POINSON LES FAYL', '52500', 386, 1),
(387, 'POINSON LES GRANCEY', '52160', 387, 1),
(388, 'POINSON LES NOGENT', '52800', 388, 1),
(389, 'POISEUL', '52360', 389, 1),
(390, 'POISSONS', '52230', 390, 1),
(391, 'PONT LA VILLE', '52120', 391, 1),
(392, 'LE CHATELET SUR MEUSE', '52400', 392, 1),
(393, 'POULANGY', '52800', 393, 1),
(394, 'PRANGEY', '52190', 394, 1),
(395, 'PRASLAY', '52160', 395, 1),
(396, 'PRATZ', '52330', 396, 1),
(397, 'PRAUTHOY', '52190', 397, 1),
(398, 'PRESSIGNY', '52500', 398, 1),
(399, 'PREZ SOUS LAFAUCHE', '52700', 399, 1),
(400, 'PREZ SUR MARNE', '52170', 400, 1),
(401, 'PROVENCHERES SUR MARNE', '52320', 401, 1),
(402, 'PROVENCHERES SUR MEUSE', '52140', 402, 1),
(403, 'PUELLEMONTIER', '52220', 403, 1),
(404, 'LE PUITS DES MEZES', '52340', 404, 1),
(405, 'RACHECOURT SUZEMONT', '52130', 405, 1),
(406, 'RACHECOURT SUR MARNE', '52170', 406, 1),
(407, 'RANCONNIERES', '52140', 407, 1),
(408, 'RANGECOURT', '52140', 408, 1),
(409, 'RAVENNEFONTAINES', '52140', 409, 1),
(410, 'RECOURT', '52140', 410, 1),
(411, 'RENNEPONT', '52370', 411, 1),
(412, 'REYNEL', '52700', 412, 1),
(413, 'RIAUCOURT', '52000', 413, 1),
(414, 'RICHEBOURG', '52120', 414, 1),
(415, 'RIMAUCOURT', '52700', 415, 1),
(416, 'RIVIERES LE BOIS', '52600', 416, 1),
(417, 'RIVIERE LES FOSSES', '52190', 417, 1),
(418, 'RIZAUCOURT BUCHEY', '52330', 418, 1),
(419, 'ROBERT MAGNY LANEUVILLE A REMY', '52220', 419, 1),
(420, 'ROCHEFORT SUR LA COTE', '52700', 420, 1),
(421, 'ROCHES SUR MARNE', '52410', 421, 1),
(422, 'ROCHES SUR ROGNON', '52270', 422, 1),
(423, 'ROCHETAILLEE', '52210', 423, 1),
(424, 'ROLAMPONT', '52260', 424, 1),
(425, 'ROMAIN SUR MEUSE', '52150', 425, 1),
(426, 'ROOCOURT LA COTE', '52310', 426, 1),
(427, 'ROSOY SUR AMANCE', '52600', 427, 1),
(428, 'ROUECOURT', '52320', 428, 1),
(429, 'ROUELLES', '52160', 429, 1),
(430, 'ROUGEUX', '52500', 430, 1),
(431, 'ROUVRES SUR AUBE', '52160', 431, 1),
(432, 'ROUVROY SUR MARNE', '52300', 432, 1),
(433, 'ROZIERES', '52220', 433, 1),
(434, 'RUPT', '52300', 434, 1),
(435, 'SAILLY', '52230', 435, 1),
(436, 'ST BLIN', '52700', 436, 1),
(437, 'ST BROINGT LE BOIS', '52190', 437, 1),
(438, 'ST BROINGT LES FOSSES', '52190', 438, 1),
(439, 'ST CIERGUES', '52200', 439, 1),
(440, 'ST DIZIER', '52100', 440, 1),
(441, 'SAINTS GEOSMES', '52200', 441, 1),
(442, 'ST LOUP SUR AUJON', '52210', 442, 1),
(443, 'ST MARTIN SUR LA RENNE', '52330', 443, 1),
(444, 'ST MARTIN LES LANGRES', '52200', 444, 1),
(445, 'ST MAURICE', '52200', 445, 1),
(446, 'ST MICHEL', '52190', 446, 1),
(447, 'ST THIEBAULT', '52150', 447, 1),
(448, 'ST URBAIN MACONCOURT', '52300', 448, 1),
(449, 'ST VALLIER SUR MARNE', '52200', 449, 1),
(450, 'SANTENOGE', '52160', 450, 1),
(451, 'SARCEY', '52800', 451, 1),
(452, 'SARCICOURT', '52000', 452, 1),
(453, 'SARREY', '52140', 453, 1),
(454, 'SAUCOURT SUR ROGNON', '52270', 454, 1),
(455, 'SAUDRON', '52230', 455, 1),
(456, 'SAULLES', '52500', 456, 1),
(457, 'SAULXURES', '52140', 457, 1),
(458, 'SAUVAGE MAGNY', '52220', 458, 1),
(459, 'SAVIGNY', '52500', 459, 1),
(460, 'SEMILLY', '52700', 460, 1),
(461, 'SEMOUTIERS MONTSAON', '52000', 461, 1),
(462, 'SERQUEUX', '52400', 462, 1),
(463, 'SEXFONTAINES', '52330', 463, 1),
(464, 'SIGNEVILLE', '52700', 464, 1),
(465, 'SILVAROUVRES', '52120', 465, 1),
(466, 'SOMMANCOURT', '52130', 466, 1),
(467, 'SOMMERECOURT', '52150', 467, 1),
(468, 'SOMMERMONT', '52300', 468, 1),
(469, 'SOMMEVILLE', '52170', 469, 1),
(470, 'SOMMEVOIRE', '52220', 470, 1),
(471, 'SONCOURT SUR MARNE', '52320', 471, 1),
(472, 'SOULAINCOURT', '52230', 472, 1),
(473, 'SOULAUCOURT SUR MOUZON', '52150', 473, 1),
(474, 'SOYERS', '52400', 474, 1),
(475, 'SUZANNECOURT', '52300', 475, 1),
(476, 'TERNAT', '52210', 476, 1),
(477, 'THILLEUX', '52220', 477, 1),
(478, 'THIVET', '52800', 478, 1),
(479, 'THOL LES MILLIERES', '52240', 479, 1),
(480, 'THONNANCE LES JOINVILLE', '52300', 480, 1),
(481, 'THONNANCE LES MOULINS', '52230', 481, 1),
(482, 'TORCENAY', '52600', 482, 1),
(483, 'TORNAY', '52500', 483, 1),
(484, 'TREIX', '52000', 484, 1),
(485, 'TREMILLY', '52110', 485, 1),
(486, 'TROISCHAMPS', '52600', 486, 1),
(487, 'TROISFONTAINES LA VILLE', '52130', 487, 1),
(488, 'TRONCHOY', '52260', 488, 1),
(489, 'VAILLANT', '52160', 489, 1),
(490, 'VALCOURT', '52100', 490, 1),
(491, 'VALDELANCOURT', '52120', 491, 1),
(492, 'VALLERET', '52130', 492, 1),
(493, 'VALLEROY', '52500', 493, 1),
(494, 'TERRE NATALE', '52400', 494, 1),
(495, 'VAUDRECOURT', '52150', 495, 1),
(496, 'VAUDREMONT', '52330', 496, 1),
(497, 'VAUXBONS', '52200', 497, 1),
(498, 'VAUX LA DOUCE', '52400', 498, 1),
(499, 'VAUX SOUS AUBIGNY', '52190', 499, 1),
(500, 'VAUX SUR BLAISE', '52130', 500, 1),
(501, 'VAUX SUR ST URBAIN', '52300', 501, 1),
(502, 'VECQUEVILLE', '52300', 502, 1),
(503, 'VELLES', '52500', 503, 1),
(504, 'VERBIESLES', '52000', 504, 1),
(505, 'VERSEILLES LE BAS', '52250', 505, 1),
(506, 'VERSEILLES LE HAUT', '52250', 506, 1),
(507, 'VESAIGNES SOUS LAFAUCHE', '52700', 507, 1),
(508, 'VESAIGNES SUR MARNE', '52800', 508, 1),
(509, 'VESVRES SOUS CHALANCEY', '52190', 509, 1),
(510, 'VICQ', '52400', 510, 1),
(511, 'VIEUX MOULINS', '52200', 511, 1),
(512, 'VIEVILLE', '52310', 512, 1),
(513, 'VIGNES LA COTE', '52700', 513, 1),
(514, 'VIGNORY', '52320', 514, 1),
(515, 'VILLARS EN AZOIS', '52120', 515, 1),
(516, 'VILLARS SANTENOGE', '52160', 516, 1),
(517, 'VILLARS ST MARCELLIN', '52400', 517, 1),
(518, 'VILLE EN BLAISOIS', '52130', 518, 1),
(519, 'VILLEGUSIEN LE LAC', '52190', 519, 1),
(520, 'VILLEMERVRY', '52160', 520, 1),
(521, 'VILLEMORON', '52160', 521, 1),
(522, 'VILLIERS AUX BOIS', '52130', 522, 1),
(523, 'VILLIERS AUX CHENES', '52110', 523, 1),
(524, 'VILLIERS EN LIEU', '52100', 524, 1),
(525, 'VILLIERS LE SEC', '52000', 525, 1),
(526, 'VILLIERS LES APREY', '52190', 526, 1),
(527, 'VILLIERS SUR MARNE', '52320', 527, 1),
(528, 'VILLIERS SUR SUIZE', '52210', 528, 1),
(529, 'VIOLOT', '52600', 529, 1),
(530, 'VITRY EN MONTAGNE', '52160', 530, 1),
(531, 'VITRY LES NOGENT', '52800', 531, 1),
(532, 'VIVEY', '52160', 532, 1),
(533, 'VOILLECOMTE', '52130', 533, 1),
(534, 'VOISEY', '52400', 534, 1),
(535, 'VOISINES', '52200', 535, 1),
(536, 'VONCOURT', '52500', 536, 1),
(537, 'VOUECOURT', '52320', 537, 1),
(538, 'VRAINCOURT', '52310', 538, 1),
(539, 'VRONCOURT LA COTE', '52240', 539, 1),
(540, 'WASSY', '52130', 540, 1),
(541, 'BETTAINCOURT SUR ROGNON', '52270', 541, 1),
(542, 'BUSSIERES LES BELMONT', '52500', 542, 1),
(543, 'CHALMESSIN', '52160', 543, 1),
(544, 'CHOIGNES', '52000', 2, 1),
(545, 'ESNOMS AU VAL', '52190', 544, 1),
(546, 'HORTES', '52600', 545, 1),
(547, 'LANEUVILLE A BAYARD', '52170', 546, 1),
(548, 'LONGEAU', '52250', 547, 1),
(549, 'MONTIGNY LE ROI', '52140', 548, 1),
(550, 'PARNOT', '52400', 549, 1),
(551, 'PIERREFAITES', '52500', 550, 1),
(552, 'POUILLY EN BASSIGNY', '52400', 551, 1),
(553, 'VARENNES SUR AMANCE', '52400', 552, 1),
(554, 'VILLARS MONTROYER', '52160', 553, 1),
(555, 'ETAT MAJOR', '52000', 1, 1);

TRUNCATE TABLE `groupes`;
INSERT INTO `groupes` (`id`, `libelle`, `position`, `type`) VALUES
(38, 'ARC EN BARROIS', 1, 1),
(39, 'ANDELOT', 2, 1),
(40, 'ANROSEY', 3, 1),
(41, 'AUBEPIERRE SUR AUBE', 4, 1),
(42, 'AUBERIVE', 5, 1),
(43, 'BAYARD', 6, 1),
(44, 'BETTANCOURT LA FERREE', 7, 1),
(45, 'BIESLES', 8, 1),
(46, 'BOURBONNE LES BAINS', 9, 1),
(47, 'BOLOGNE', 10, 1),
(48, 'BREUVANNES', 11, 1),
(49, 'BRICON', 12, 1),
(50, 'BOURDONS SUR ROGNON', 13, 1),
(51, 'COLOMBEY LES 2 EGLISES', 14, 1),
(52, 'CHAMOUILLEY EURVILLE', 15, 1),
(53, 'CHALINDREY', 16, 1),
(54, 'CHEVILLON', 17, 1),
(55, 'CHAUMONT', 18, 1),
(56, 'CHATEAUVILLAIN', 19, 1),
(57, 'DOULEVANT LE CHATEAU', 20, 1),
(58, 'DOULAINCOURT', 21, 1),
(59, 'ECLARON', 22, 1),
(60, 'ETAT MAJOR', 23, 1),
(61, 'FAYL BILLOT', 24, 1),
(62, 'FRONCLES', 25, 1),
(63, 'HAUTE AMANCE', 26, 1),
(64, 'ILLOUD', 27, 1),
(65, 'IS EN BASSIGNY', 28, 1),
(66, 'JOINVILLE', 29, 1),
(67, 'LAFERTE SUR AUBE', 30, 1),
(68, 'LAC DE CHARMES', 31, 1),
(69, 'LANGRES', 32, 1),
(70, 'LONGEAU', 33, 1),
(71, 'LOUVEMONT', 34, 1),
(72, 'MANOIS', 35, 1),
(73, 'MARANVILLE', 37, 1),
(74, 'MONTIER EN DER', 38, 1),
(75, 'MONTIGNY LE ROI', 39, 1),
(76, 'NOGENT', 40, 1),
(77, 'POISSONS', 41, 1),
(78, 'PRAUTHOY', 42, 1),
(79, 'ROCHES BETTANCOURT', 43, 1),
(80, 'ROBERT MAGNY', 44, 1),
(81, 'ROLAMPONT', 45, 1),
(82, 'SERQUEUX', 46, 1),
(83, 'SOMMEVOIRE', 47, 1),
(84, 'SAINT DIZIER', 48, 1),
(85, 'VARENNES', 49, 1),
(86, 'WASSY', 50, 1);

TRUNCATE TABLE `materiel`;
INSERT INTO `materiel` (`id`, `libelle`, `intervention`, `etat`, `centre`, `groupe`, `visible`, `quantite`, `utiliser`, `dispo`) VALUES
(23, 'ASPIRATEUR', NULL, 10, 1, 55, 1, 1, 0, 1),
(24, 'POMPE 120M3', NULL, 10, 1, 55, 1, 1, 0, 1),
(25, 'MPPE', NULL, 10, 1, 55, 1, 2, 0, 2),
(26, 'POMPE ELEC', NULL, 10, 1, 55, 1, 2, 0, 2),
(27, 'POMPE SERPI', NULL, 10, 1, 55, 1, 2, 0, 2),
(28, 'RACLETTE', NULL, 10, 1, 55, 1, 10, 0, 10),
(29, 'LOT BACHAGE', NULL, 10, 1, 55, 1, 1, 0, 1),
(30, 'LOT TRONCONNAGE', NULL, 10, 1, 55, 1, 2, 0, 2),
(31, 'WADERS', NULL, 10, 1, 55, 1, 10, 0, 10),
(32, 'PROJECTEUR BAMBI', NULL, 10, 1, 55, 1, 3, 0, 3);

TRUNCATE TABLE `personnel`;
INSERT INTO `personnel` (`id`, `grade`, `nom`, `prenom`, `centre`, `absent`) VALUES
(2, 10, 'GILBERT', 'Fabrice', 1, 0),
(3, 8, 'LOUVET', 'Loîc', 1, 0),
(4, 8, 'BOUSSARD', 'Frédéric', 1, 0),
(5, 9, 'IACONELI', 'Davide', 1, 0),
(6, 8, 'RETOURNARD', 'Bernadette', 1, 0),
(8, 8, 'MICHEL', 'Frédéric', 1, 0),
(10, 8, 'ROBERTY', 'Olivier', 1, 0),
(12, 8, 'THOMAS', 'Bruno', 1, 0),
(13, 9, 'BRULEY', 'Bruno', 1, 0),
(17, 10, 'MASSET', 'Stéphane', 1, 0),
(18, 12, 'FIGUET', 'Guy', 1, 0),
(19, 12, 'FLAMERION', 'Christophe', 1, 0),
(20, 10, 'RIPOLL', 'Xavier', 1, 0),
(24, 8, 'BOURGEOIS', 'Johan', 1, 0),
(27, 8, 'MANZINALI', 'Geoffroy', 1, 0),
(30, 9, 'PRUVOT', 'Francis', 1, 0),
(31, 10, 'CHERUBINI', 'Landry', 1, 0),
(33, 8, 'LOUVET', 'Hélène', 1, 0),
(34, 10, 'BERNARD', 'Josiane', 1, 0),
(38, 6, 'BAILLY', 'Damien', 23, 0),
(39, 6, 'BLACHERE', 'Christophe', 23, 0),
(41, 6, 'FRECON', 'Cyril', 23, 0),
(42, 9, 'FROSSARD', 'Jérémy', 23, 0),
(43, 11, 'GARNIER', 'Cédric', 1, 0),
(44, 9, 'BAILLY', 'Christophe', 1, 0),
(48, 6, 'BERNAUD', 'Alain', 1, 0),
(49, 4, 'BRASSEUR', 'Serge', 23, 0),
(51, 6, 'MOURER', 'Xavier', 1, 0),
(52, 6, 'COUSIN', 'François', 1, 0),
(57, 6, 'LOBRY', 'fabrice', 23, 0),
(58, 9, 'MARGUTTI', 'Arnaud', 1, 0),
(59, 6, 'BOURING', 'Jérôme', 32, 0),
(61, 9, 'LOGEROT', 'Mathieu', 23, 0),
(63, 13, 'AUDIGER ', 'Grégory', 1, 0),
(66, 11, 'FORTIN', 'Julien', 23, 0),
(67, 12, 'MARCHAL', 'Sébastien', 1, 0),
(70, 11, 'PETITJEAN ', 'David', 1, 0),
(71, 9, 'PERNOT', 'Jean-François', 1, 0),
(72, 11, 'BERTHIER', 'Vincent', 1, 0),
(73, 10, 'DELFOUR', 'Brice', 1, 0),
(74, 12, 'GILSON', 'Marcel', 1, 0),
(75, 12, 'MARIE', 'Sébastien', 23, 0),
(76, 10, 'MARNAT', 'Frédéric', 1, 0),
(77, 12, 'PAGE', 'Arnaud', 1, 0),
(80, 12, 'BOURGEOIS', 'Fabien', 1, 0),
(83, 9, 'GODARD', 'John', 1, 0),
(91, 13, 'ILONGO', 'Joshua', 1, 0),
(93, 11, 'MONTEL', 'Marion', 1, 0),
(97, 14, 'SSOSSE', 'Davy', 1, 0),
(98, 14, 'WOUTERS', 'Stiphène', 1, 0),
(106, 14, 'CASUSO', 'Florian', 1, 0),
(110, 14, 'CASUSO', 'Valentin', 1, 0),
(111, 14, 'LECOINET', 'Cédric', 1, 0),
(112, 8, 'ANDRIOT', 'Régis', 23, 0),
(113, 11, 'GUNTHER', 'Nicolas', 1, 0),
(114, 13, 'MUGNIER', 'Sébastien', 1, 0),
(117, 8, 'CAMUS', 'alain', 23, 0),
(119, 8, 'BLANCQUART ', 'Xavier', 23, 0),
(121, 14, 'NOIRTIN', 'Anthony', 1, 0),
(123, 11, 'BABLON', 'Steve', 1, 0),
(125, 13, 'MASSON', 'Florent', 1, 0),
(127, 8, 'GUILLAUME', 'Emmanuel', 1, 0),
(130, 10, 'SALEMBIER', 'Déborah', 10, 0),
(133, 12, 'MARY', 'Matthieu', 1, 0),
(134, 10, 'PRENAT', 'Grégory', 1, 0),
(135, 9, 'DUVAUX', 'Sébastien', 23, 0),
(137, 14, 'PONTELLO', 'Sandra', 1, 0),
(138, 11, 'WITCKZAK', 'Benoit', 1, 0),
(139, 9, 'ODIOT', 'Cédric', 1, 0),
(141, 14, 'BOURCELOT', 'JULIETTE', 2, 0),
(142, 10, 'CLAUSSE', 'PHILIPPE', 2, 0),
(143, 6, 'LAMBERT', 'PHILIPPE', 8, 0),
(144, 8, 'LAMBERT', 'ANNIE', 8, 0),
(145, 8, 'DEVILLIERS', 'JEROME', 5, 0),
(146, 14, 'LACORDAIRE', 'FREDERIC', 5, 0),
(147, 8, 'RIZAUCOURT', 'PASCAL', 10, 0),
(148, 10, 'ZYCH', 'JOEL', 10, 0),
(149, 13, 'JACQUOT', 'SEBASTIEN', 10, 0),
(150, 14, 'FORET', 'CAROLINE', 10, 0),
(151, 13, 'MONGINOT', 'FLORIAN', 10, 0),
(152, 13, 'OSCHE', 'CLEMENT', 10, 0);

TRUNCATE TABLE `poste_vehicule`;
INSERT INTO `poste_vehicule` (`id`, `libelle`, `obligatoire`) VALUES
(1, 'CA / DIV', 1),
(2, 'COND / PL', 1),
(3, 'EQU 1 / SAP', 0),
(4, 'EQU 2 / SAP', 0),
(5, 'CE 1 / INC', 0),
(6, 'EQU 1 / INC', 0),
(7, 'CE 2 / INC', 0),
(8, 'EQU 2 / INC', 0),
(9, 'CUSAL', 0),
(10, 'SAL', 0),
(11, 'COND / CRT', 0),
(12, 'EQU 1 / CHIM', 0),
(13, 'EQU 2 / CHIM', 0),
(14, 'COND / EPA', 0),
(15, 'CA / MEA', 0),
(16, 'EQU / MEA', 0),
(17, 'EQU / DIV', 0),
(18, 'CA / INC', 0),
(19, 'CA / SAP', 0),
(20, 'CA / SR', 0),
(21, 'COND / SR', 0),
(22, 'COND / VL', 0),
(23, 'COND / CCF', 0),
(24, 'COND / VTU', 0),
(25, 'COND FPT', 0),
(26, 'OCDG', 0),
(27, 'COND / SAP', 0),
(28, 'EQU 1 / SR', 0),
(29, 'REPORTER', 0),
(30, 'RCASAP', 0),
(31, 'REQSAP', 0),
(32, 'RCATE', 0),
(33, 'RCASR', 0),
(34, 'RCAMEA', 0),
(35, 'COND/CCR', 0),
(36, 'ISP', 0),
(37, 'OP1', 0),
(38, 'OP2', 0),
(39, 'OP3', 0),
(40, 'OP4', 0),
(41, 'OP5', 0);

TRUNCATE TABLE `vehicule`;
INSERT INTO `vehicule` (`id`, `libelle`, `intervention`, `etat`, `centre`, `groupe`, `visible`) VALUES
(271, 'VSAV 1', NULL, 10, 1, 55, 1),
(272, 'PERM', NULL, 10, 1, 55, 1),
(273, 'VLTU 01', NULL, 10, 1, 55, 1),
(276, 'VSAV 2', NULL, 10, 1, 55, 1),
(277, 'VSAV 3', NULL, 10, 1, 55, 1),
(278, 'VSAV 4', NULL, 10, 1, 55, 1),
(279, 'VSR 01', NULL, 10, 1, 55, 1),
(280, 'VLI 1', NULL, 10, 1, 55, 1),
(281, 'VL3SM', NULL, 10, 1, 55, 1),
(282, 'VLM', NULL, 10, 1, 55, 1),
(283, 'VLI 1', NULL, 10, 1, 55, 1),
(285, 'FPT', NULL, 10, 1, 55, 1),
(286, 'FPT', NULL, 10, 1, 55, 1),
(287, 'EPA', NULL, 10, 1, 55, 1),
(288, 'CCF', NULL, 10, 1, 55, 1),
(289, 'CD', NULL, 10, 1, 55, 1),
(290, 'CES', NULL, 10, 1, 55, 1),
(291, 'CPMA', NULL, 10, 1, 55, 1),
(292, 'CRT', NULL, 10, 1, 55, 1),
(293, 'VPCE 1', NULL, 10, 1, 55, 1),
(294, 'VPCE 2', NULL, 10, 1, 55, 1),
(295, 'BLS', NULL, 10, 1, 55, 1),
(296, 'CCGC', NULL, 10, 1, 55, 1),
(297, 'VPL', NULL, 10, 1, 55, 1),
(298, 'VTU 01', NULL, 10, 1, 55, 1),
(299, 'VLCG', NULL, 10, 1, 55, 1),
(300, 'MPR', NULL, 10, 1, 55, 1),
(301, 'VTP 01', NULL, 10, 1, 55, 1),
(302, 'VCOM', NULL, 10, 1, 55, 1),
(303, 'BARIAT', NULL, 10, 1, 55, 1),
(304, 'RCASAP', NULL, 10, 1, 55, 1),
(305, 'RCATE', NULL, 10, 1, 55, 1),
(306, 'RCASR', NULL, 10, 1, 55, 1),
(307, 'RCAMEA', NULL, 10, 1, 55, 1),
(308, 'VLC 01', NULL, 10, 1, 55, 1),
(309, 'GRPE', NULL, 10, 1, 55, 1),
(310, 'LORY', NULL, 10, 1, 55, 1),
(311, 'VALEC', NULL, 10, 1, 55, 1),
(312, 'VLTT', NULL, 10, 1, 55, 1),
(314, 'VSAV', NULL, 10, 18, 38, 1),
(315, 'FPT', NULL, 10, 18, 38, 1),
(316, 'MPR', NULL, 10, 18, 38, 1),
(317, 'VLTU', NULL, 10, 18, 38, 1),
(318, 'PERM', NULL, 10, 18, 38, 1),
(319, 'RCASAP', NULL, 10, 18, 38, 1),
(320, 'RCATE', NULL, 10, 18, 38, 1),
(321, 'MPR', NULL, 10, 2, 39, 1),
(322, 'VSAV', NULL, 10, 49, 86, 1),
(323, 'CCRL', NULL, 10, 2, 39, 1),
(324, 'VLTU 01', NULL, 10, 2, 39, 1),
(325, 'PERM', NULL, 10, 2, 39, 1),
(326, 'RCASAP', NULL, 10, 2, 39, 1),
(327, 'RCATE', NULL, 10, 2, 39, 1),
(328, 'RCASAP', NULL, 10, 3, 40, 1),
(329, 'RCATE', NULL, 10, 3, 40, 1),
(330, 'VPI', NULL, 10, 3, 40, 1),
(331, 'PERM', NULL, 10, 3, 40, 1),
(332, 'VLTU', NULL, 10, 4, 41, 1),
(333, 'PERM', NULL, 10, 8, 45, 1),
(334, 'RCATE', NULL, 10, 8, 45, 1),
(335, 'RCASAP', NULL, 10, 8, 45, 1),
(336, 'VSAV', NULL, 10, 8, 45, 1),
(337, 'VLI', NULL, 10, 8, 45, 1),
(338, 'VLTU', NULL, 10, 8, 45, 1),
(339, 'FPT', NULL, 10, 8, 45, 1),
(340, 'MPR', NULL, 10, 8, 45, 1),
(341, 'VSAV', NULL, 10, 6, 43, 1),
(342, 'CCR', NULL, 10, 6, 43, 1),
(343, 'MPR', NULL, 10, 6, 43, 1),
(344, 'VTU', NULL, 10, 6, 43, 1),
(345, 'VL', NULL, 10, 6, 43, 1),
(346, 'PERM', NULL, 10, 6, 43, 1),
(347, 'RCASAP', NULL, 10, 6, 43, 1),
(348, 'RCATE', NULL, 10, 6, 43, 1),
(349, 'RCASR', NULL, 10, 6, 43, 1),
(350, 'VLI', NULL, 10, 6, 43, 1),
(351, 'VLI', NULL, 10, 7, 44, 1),
(352, 'FPTL', NULL, 10, 7, 44, 1),
(353, 'PERM', NULL, 10, 7, 44, 1),
(354, 'RCASAP', NULL, 10, 7, 44, 1),
(355, 'RCATE', NULL, 10, 7, 44, 1),
(356, 'VLTU', NULL, 10, 7, 44, 1),
(357, 'VSAV', NULL, 10, 9, 46, 1),
(358, 'GRPE', NULL, 10, 9, 46, 1),
(359, 'CCRSR', NULL, 10, 9, 46, 1),
(360, 'MPR', NULL, 10, 9, 46, 1),
(361, 'VTU', NULL, 10, 9, 46, 1),
(362, 'EPA', NULL, 10, 9, 46, 1),
(363, 'VL', NULL, 10, 9, 46, 1),
(364, 'BLS', NULL, 10, 9, 46, 1),
(365, 'VLCG', NULL, 10, 9, 46, 1),
(366, 'VTP', NULL, 10, 9, 46, 1),
(367, 'RCASAP', NULL, 10, 9, 46, 1),
(368, 'RCATE', NULL, 10, 9, 46, 1),
(369, 'RCASR', NULL, 10, 9, 46, 1),
(370, 'RCAMEA', NULL, 10, 9, 46, 1),
(371, 'PERM', NULL, 10, 9, 46, 1),
(372, 'VLI', NULL, 10, 9, 46, 1),
(373, 'PERM', NULL, 10, 5, 42, 1),
(374, 'RCASAP', NULL, 10, 5, 42, 1),
(375, 'RCATE', NULL, 10, 5, 42, 1),
(376, 'MPR', NULL, 10, 5, 42, 1),
(377, 'VSAV', NULL, 10, 5, 42, 1),
(378, 'CCR', NULL, 10, 5, 42, 1),
(379, 'VLTU', NULL, 10, 5, 42, 1),
(380, 'VCOM', NULL, 10, 11, 48, 1),
(381, 'VSAV', NULL, 10, 11, 48, 1),
(382, 'FPT', NULL, 10, 11, 48, 1),
(383, 'MPR', NULL, 10, 11, 48, 1),
(384, 'VLHR', NULL, 10, 11, 48, 1),
(385, 'VTU', NULL, 10, 11, 48, 1),
(386, 'PERM', NULL, 10, 11, 48, 1),
(387, 'RCASAP', NULL, 10, 11, 48, 1),
(388, 'RCATE', NULL, 10, 11, 48, 1),
(389, 'VLCG', NULL, 10, 11, 48, 1),
(390, 'VCOM', NULL, 10, 10, 47, 1),
(391, 'VSAV', NULL, 10, 10, 47, 1),
(392, 'FPT', NULL, 10, 10, 47, 1),
(393, 'VLTU', NULL, 10, 10, 47, 1),
(394, 'PERM', NULL, 10, 10, 47, 1),
(395, 'RCASAP', NULL, 10, 10, 47, 1),
(396, 'RCATE', NULL, 10, 10, 47, 1),
(397, 'RCASR', NULL, 10, 10, 47, 1),
(398, 'RENFORT CTA', NULL, 10, 23, 60, 1);

/*!40101 SET CHARACTER_SET_CLIENT=@OLD_CHARACTER_SET_CLIENT */;
/*!40101 SET CHARACTER_SET_RESULTS=@OLD_CHARACTER_SET_RESULTS */;
/*!40101 SET COLLATION_CONNECTION=@OLD_COLLATION_CONNECTION */;
